BenchmarkName,Compiler,Optimization,Backend,Adapter,Ioq,NumKernels,KernelExecTime,MeasureCompletion,MedianTime
SubmitKernel,dpcpp,O0,sycl,v1,0,1,1,0,4.851
SubmitKernel,dpcpp,O0,sycl,v1,0,1,1,1,9.126
SubmitKernel,dpcpp,O0,sycl,v1,0,1,5,1,9.567
SubmitKernel,dpcpp,O0,sycl,v1,0,1,10,1,11.122
SubmitKernel,dpcpp,O0,sycl,v1,0,1,100,1,42.558
SubmitKernel,dpcpp,O0,sycl,v1,1,1,1,0,4.885
SubmitKernel,dpcpp,O0,sycl,v1,1,1,1,1,8.430
SubmitKernel,dpcpp,O0,sycl,v1,1,1,5,1,9.431
SubmitKernel,dpcpp,O0,sycl,v1,1,1,10,1,11.390
SubmitKernel,dpcpp,O0,sycl,v1,1,1,100,1,42.645
SubmitKernel,dpcpp,O0,sycl,v1,0,10,1,0,44.634
SubmitKernel,dpcpp,O0,sycl,v1,0,10,1,1,49.828
SubmitKernel,dpcpp,O0,sycl,v1,0,10,5,1,51.915
SubmitKernel,dpcpp,O0,sycl,v1,0,10,10,1,52.442
SubmitKernel,dpcpp,O0,sycl,v1,0,10,100,1,80.233
SubmitKernel,dpcpp,O0,sycl,v1,1,10,1,0,47.270
SubmitKernel,dpcpp,O0,sycl,v1,1,10,1,1,50.738
SubmitKernel,dpcpp,O0,sycl,v1,1,10,5,1,55.105
SubmitKernel,dpcpp,O0,sycl,v1,1,10,10,1,59.060
SubmitKernel,dpcpp,O0,sycl,v1,1,10,100,1,364.246
SubmitKernel,dpcpp,O0,sycl,v1,0,20,1,0,89.537
SubmitKernel,dpcpp,O0,sycl,v1,0,20,1,1,94.298
SubmitKernel,dpcpp,O0,sycl,v1,0,20,5,1,95.410
SubmitKernel,dpcpp,O0,sycl,v1,0,20,10,1,98.074
SubmitKernel,dpcpp,O0,sycl,v1,0,20,100,1,133.115
SubmitKernel,dpcpp,O0,sycl,v1,1,20,1,0,94.063
SubmitKernel,dpcpp,O0,sycl,v1,1,20,1,1,98.271
SubmitKernel,dpcpp,O0,sycl,v1,1,20,5,1,101.193
SubmitKernel,dpcpp,O0,sycl,v1,1,20,10,1,106.999
SubmitKernel,dpcpp,O0,sycl,v1,1,20,100,1,706.636
SubmitKernel,dpcpp,O0,sycl,v1,0,50,1,0,223.291
SubmitKernel,dpcpp,O0,sycl,v1,0,50,1,1,227.121
SubmitKernel,dpcpp,O0,sycl,v1,0,50,5,1,231.929
SubmitKernel,dpcpp,O0,sycl,v1,0,50,10,1,238.400
SubmitKernel,dpcpp,O0,sycl,v1,0,50,100,1,269.415
SubmitKernel,dpcpp,O0,sycl,v1,1,50,1,0,245.076
SubmitKernel,dpcpp,O0,sycl,v1,1,50,1,1,246.246
SubmitKernel,dpcpp,O0,sycl,v1,1,50,5,1,253.199
SubmitKernel,dpcpp,O0,sycl,v1,1,50,10,1,256.399
SubmitKernel,dpcpp,O0,sycl,v1,1,50,100,1,1761.805
SubmitKernel,dpcpp,O0,sycl,v1,0,100,1,0,437.185
SubmitKernel,dpcpp,O0,sycl,v1,0,100,1,1,461.815
SubmitKernel,dpcpp,O0,sycl,v1,0,100,5,1,444.694
SubmitKernel,dpcpp,O0,sycl,v1,0,100,10,1,464.012
SubmitKernel,dpcpp,O0,sycl,v1,0,100,100,1,486.279
SubmitKernel,dpcpp,O0,sycl,v1,1,100,1,0,460.374
SubmitKernel,dpcpp,O0,sycl,v1,1,100,1,1,476.736
SubmitKernel,dpcpp,O0,sycl,v1,1,100,5,1,479.637
SubmitKernel,dpcpp,O0,sycl,v1,1,100,10,1,504.059
SubmitKernel,dpcpp,O0,sycl,v1,1,100,100,1,3502.430
SubmitKernel,dpcpp,O2,sycl,v1,0,1,1,0,4.776
SubmitKernel,dpcpp,O2,sycl,v1,0,1,1,1,9.187
SubmitKernel,dpcpp,O2,sycl,v1,0,1,5,1,9.613
SubmitKernel,dpcpp,O2,sycl,v1,0,1,10,1,11.252
SubmitKernel,dpcpp,O2,sycl,v1,0,1,100,1,43.161
SubmitKernel,dpcpp,O2,sycl,v1,1,1,1,0,4.861
SubmitKernel,dpcpp,O2,sycl,v1,1,1,1,1,7.983
SubmitKernel,dpcpp,O2,sycl,v1,1,1,5,1,9.566
SubmitKernel,dpcpp,O2,sycl,v1,1,1,10,1,11.359
SubmitKernel,dpcpp,O2,sycl,v1,1,1,100,1,42.505
SubmitKernel,dpcpp,O2,sycl,v1,0,10,1,0,44.666
SubmitKernel,dpcpp,O2,sycl,v1,0,10,1,1,49.091
SubmitKernel,dpcpp,O2,sycl,v1,0,10,5,1,50.006
SubmitKernel,dpcpp,O2,sycl,v1,0,10,10,1,51.817
SubmitKernel,dpcpp,O2,sycl,v1,0,10,100,1,80.382
SubmitKernel,dpcpp,O2,sycl,v1,1,10,1,0,45.975
SubmitKernel,dpcpp,O2,sycl,v1,1,10,1,1,50.901
SubmitKernel,dpcpp,O2,sycl,v1,1,10,5,1,54.223
SubmitKernel,dpcpp,O2,sycl,v1,1,10,10,1,57.312
SubmitKernel,dpcpp,O2,sycl,v1,1,10,100,1,364.365
SubmitKernel,dpcpp,O2,sycl,v1,0,20,1,0,88.089
SubmitKernel,dpcpp,O2,sycl,v1,0,20,1,1,98.395
SubmitKernel,dpcpp,O2,sycl,v1,0,20,5,1,96.183
SubmitKernel,dpcpp,O2,sycl,v1,0,20,10,1,99.066
SubmitKernel,dpcpp,O2,sycl,v1,0,20,100,1,134.274
SubmitKernel,dpcpp,O2,sycl,v1,1,20,1,0,96.111
SubmitKernel,dpcpp,O2,sycl,v1,1,20,1,1,104.408
SubmitKernel,dpcpp,O2,sycl,v1,1,20,5,1,100.284
SubmitKernel,dpcpp,O2,sycl,v1,1,20,10,1,107.284
SubmitKernel,dpcpp,O2,sycl,v1,1,20,100,1,706.597
SubmitKernel,dpcpp,O2,sycl,v1,0,50,1,0,224.351
SubmitKernel,dpcpp,O2,sycl,v1,0,50,1,1,227.182
SubmitKernel,dpcpp,O2,sycl,v1,0,50,5,1,234.114
SubmitKernel,dpcpp,O2,sycl,v1,0,50,10,1,236.061
SubmitKernel,dpcpp,O2,sycl,v1,0,50,100,1,266.099
SubmitKernel,dpcpp,O2,sycl,v1,1,50,1,0,232.565
SubmitKernel,dpcpp,O2,sycl,v1,1,50,1,1,246.998
SubmitKernel,dpcpp,O2,sycl,v1,1,50,5,1,244.100
SubmitKernel,dpcpp,O2,sycl,v1,1,50,10,1,259.514
SubmitKernel,dpcpp,O2,sycl,v1,1,50,100,1,1761.367
SubmitKernel,dpcpp,O2,sycl,v1,0,100,1,0,447.436
SubmitKernel,dpcpp,O2,sycl,v1,0,100,1,1,455.615
SubmitKernel,dpcpp,O2,sycl,v1,0,100,5,1,465.103
SubmitKernel,dpcpp,O2,sycl,v1,0,100,10,1,466.377
SubmitKernel,dpcpp,O2,sycl,v1,0,100,100,1,488.224
SubmitKernel,dpcpp,O2,sycl,v1,1,100,1,0,462.557
SubmitKernel,dpcpp,O2,sycl,v1,1,100,1,1,477.893
SubmitKernel,dpcpp,O2,sycl,v1,1,100,5,1,481.297
SubmitKernel,dpcpp,O2,sycl,v1,1,100,10,1,504.085
SubmitKernel,dpcpp,O2,sycl,v1,1,100,100,1,3502.657
SubmitKernel,dpcpp,O2,sycl,v2,0,1,1,0,4.237
SubmitKernel,dpcpp,O2,sycl,v2,0,1,1,1,6.543
SubmitKernel,dpcpp,O2,sycl,v2,0,1,5,1,8.643
SubmitKernel,dpcpp,O2,sycl,v2,0,1,10,1,10.002
SubmitKernel,dpcpp,O2,sycl,v2,0,1,100,1,39.462
SubmitKernel,dpcpp,O2,sycl,v2,1,1,1,0,4.422
SubmitKernel,dpcpp,O2,sycl,v2,1,1,1,1,6.946
SubmitKernel,dpcpp,O2,sycl,v2,1,1,5,1,7.948
SubmitKernel,dpcpp,O2,sycl,v2,1,1,10,1,10.032
SubmitKernel,dpcpp,O2,sycl,v2,1,1,100,1,40.232
SubmitKernel,dpcpp,O2,sycl,v2,0,10,1,0,40.071
SubmitKernel,dpcpp,O2,sycl,v2,0,10,1,1,44.237
SubmitKernel,dpcpp,O2,sycl,v2,0,10,5,1,45.386
SubmitKernel,dpcpp,O2,sycl,v2,0,10,10,1,52.598
SubmitKernel,dpcpp,O2,sycl,v2,0,10,100,1,359.419
SubmitKernel,dpcpp,O2,sycl,v2,1,10,1,0,42.405
SubmitKernel,dpcpp,O2,sycl,v2,1,10,1,1,44.196
SubmitKernel,dpcpp,O2,sycl,v2,1,10,5,1,46.224
SubmitKernel,dpcpp,O2,sycl,v2,1,10,10,1,52.784
SubmitKernel,dpcpp,O2,sycl,v2,1,10,100,1,359.519
SubmitKernel,dpcpp,O2,sycl,v2,0,20,1,0,79.673
SubmitKernel,dpcpp,O2,sycl,v2,0,20,1,1,83.572
SubmitKernel,dpcpp,O2,sycl,v2,0,20,5,1,84.945
SubmitKernel,dpcpp,O2,sycl,v2,0,20,10,1,100.007
SubmitKernel,dpcpp,O2,sycl,v2,0,20,100,1,710.913
SubmitKernel,dpcpp,O2,sycl,v2,1,20,1,0,82.083
SubmitKernel,dpcpp,O2,sycl,v2,1,20,1,1,84.251
SubmitKernel,dpcpp,O2,sycl,v2,1,20,5,1,86.783
SubmitKernel,dpcpp,O2,sycl,v2,1,20,10,1,100.331
SubmitKernel,dpcpp,O2,sycl,v2,1,20,100,1,711.050
SubmitKernel,dpcpp,O2,sycl,v2,0,50,1,0,203.155
SubmitKernel,dpcpp,O2,sycl,v2,0,50,1,1,201.864
SubmitKernel,dpcpp,O2,sycl,v2,0,50,5,1,206.429
SubmitKernel,dpcpp,O2,sycl,v2,0,50,10,1,242.535
SubmitKernel,dpcpp,O2,sycl,v2,0,50,100,1,1770.041
SubmitKernel,dpcpp,O2,sycl,v2,1,50,1,0,206.206
SubmitKernel,dpcpp,O2,sycl,v2,1,50,1,1,206.576
SubmitKernel,dpcpp,O2,sycl,v2,1,50,5,1,212.608
SubmitKernel,dpcpp,O2,sycl,v2,1,50,10,1,243.068
SubmitKernel,dpcpp,O2,sycl,v2,1,50,100,1,1769.328
SubmitKernel,dpcpp,O2,sycl,v2,0,100,1,0,399.872
SubmitKernel,dpcpp,O2,sycl,v2,0,100,1,1,407.761
SubmitKernel,dpcpp,O2,sycl,v2,0,100,5,1,403.071
SubmitKernel,dpcpp,O2,sycl,v2,0,100,10,1,480.155
SubmitKernel,dpcpp,O2,sycl,v2,0,100,100,1,3533.336
SubmitKernel,dpcpp,O2,sycl,v2,1,100,1,0,411.923
SubmitKernel,dpcpp,O2,sycl,v2,1,100,1,1,413.864
SubmitKernel,dpcpp,O2,sycl,v2,1,100,5,1,416.826
SubmitKernel,dpcpp,O2,sycl,v2,1,100,10,1,480.347
SubmitKernel,dpcpp,O2,sycl,v2,1,100,100,1,3532.552
SubmitKernel,dpcpp,O0,sycl,v2,0,1,1,0,4.199
SubmitKernel,dpcpp,O0,sycl,v2,0,1,1,1,6.800
SubmitKernel,dpcpp,O0,sycl,v2,0,1,5,1,8.679
SubmitKernel,dpcpp,O0,sycl,v2,0,1,10,1,9.995
SubmitKernel,dpcpp,O0,sycl,v2,0,1,100,1,39.978
SubmitKernel,dpcpp,O0,sycl,v2,1,1,1,0,4.273
SubmitKernel,dpcpp,O0,sycl,v2,1,1,1,1,6.590
SubmitKernel,dpcpp,O0,sycl,v2,1,1,5,1,7.948
SubmitKernel,dpcpp,O0,sycl,v2,1,1,10,1,10.174
SubmitKernel,dpcpp,O0,sycl,v2,1,1,100,1,39.525
SubmitKernel,dpcpp,O0,sycl,v2,0,10,1,0,40.339
SubmitKernel,dpcpp,O0,sycl,v2,0,10,1,1,43.420
SubmitKernel,dpcpp,O0,sycl,v2,0,10,5,1,44.241
SubmitKernel,dpcpp,O0,sycl,v2,0,10,10,1,52.636
SubmitKernel,dpcpp,O0,sycl,v2,0,10,100,1,361.519
SubmitKernel,dpcpp,O0,sycl,v2,1,10,1,0,41.383
SubmitKernel,dpcpp,O0,sycl,v2,1,10,1,1,44.098
SubmitKernel,dpcpp,O0,sycl,v2,1,10,5,1,46.147
SubmitKernel,dpcpp,O0,sycl,v2,1,10,10,1,54.850
SubmitKernel,dpcpp,O0,sycl,v2,1,10,100,1,359.565
SubmitKernel,dpcpp,O0,sycl,v2,0,20,1,0,81.077
SubmitKernel,dpcpp,O0,sycl,v2,0,20,1,1,84.523
SubmitKernel,dpcpp,O0,sycl,v2,0,20,5,1,85.110
SubmitKernel,dpcpp,O0,sycl,v2,0,20,10,1,100.250
SubmitKernel,dpcpp,O0,sycl,v2,0,20,100,1,710.876
SubmitKernel,dpcpp,O0,sycl,v2,1,20,1,0,82.553
SubmitKernel,dpcpp,O0,sycl,v2,1,20,1,1,85.080
SubmitKernel,dpcpp,O0,sycl,v2,1,20,5,1,87.576
SubmitKernel,dpcpp,O0,sycl,v2,1,20,10,1,104.774
SubmitKernel,dpcpp,O0,sycl,v2,1,20,100,1,710.756
SubmitKernel,dpcpp,O0,sycl,v2,0,50,1,0,200.328
SubmitKernel,dpcpp,O0,sycl,v2,0,50,1,1,205.171
SubmitKernel,dpcpp,O0,sycl,v2,0,50,5,1,209.612
SubmitKernel,dpcpp,O0,sycl,v2,0,50,10,1,254.515
SubmitKernel,dpcpp,O0,sycl,v2,0,50,100,1,1769.685
SubmitKernel,dpcpp,O0,sycl,v2,1,50,1,0,209.492
SubmitKernel,dpcpp,O0,sycl,v2,1,50,1,1,204.618
SubmitKernel,dpcpp,O0,sycl,v2,1,50,5,1,208.442
SubmitKernel,dpcpp,O0,sycl,v2,1,50,10,1,242.834
SubmitKernel,dpcpp,O0,sycl,v2,1,50,100,1,1781.697
SubmitKernel,dpcpp,O0,sycl,v2,0,100,1,0,394.907
SubmitKernel,dpcpp,O0,sycl,v2,0,100,1,1,399.550
SubmitKernel,dpcpp,O0,sycl,v2,0,100,5,1,405.351
SubmitKernel,dpcpp,O0,sycl,v2,0,100,10,1,504.095
SubmitKernel,dpcpp,O0,sycl,v2,0,100,100,1,3533.693
SubmitKernel,dpcpp,O0,sycl,v2,1,100,1,0,411.855
SubmitKernel,dpcpp,O0,sycl,v2,1,100,1,1,419.593
SubmitKernel,dpcpp,O0,sycl,v2,1,100,5,1,421.816
SubmitKernel,dpcpp,O0,sycl,v2,1,100,10,1,480.346
SubmitKernel,dpcpp,O0,sycl,v2,1,100,100,1,3557.028
SubmitKernel,acpp,O2,sycl,NA,0,1,1,0,1.017
SubmitKernel,acpp,O2,sycl,NA,0,1,1,1,12.868
SubmitKernel,acpp,O2,sycl,NA,0,1,5,1,12.765
SubmitKernel,acpp,O2,sycl,NA,0,1,10,1,14.176
SubmitKernel,acpp,O2,sycl,NA,0,1,100,1,42.422
SubmitKernel,acpp,O2,sycl,NA,1,1,1,0,1.145
SubmitKernel,acpp,O2,sycl,NA,1,1,1,1,12.923
SubmitKernel,acpp,O2,sycl,NA,1,1,5,1,12.793
SubmitKernel,acpp,O2,sycl,NA,1,1,10,1,14.049
SubmitKernel,acpp,O2,sycl,NA,1,1,100,1,42.316
SubmitKernel,acpp,O2,sycl,NA,0,10,1,0,10.503
SubmitKernel,acpp,O2,sycl,NA,0,10,1,1,59.099
SubmitKernel,acpp,O2,sycl,NA,0,10,5,1,58.864
SubmitKernel,acpp,O2,sycl,NA,0,10,10,1,60.839
SubmitKernel,acpp,O2,sycl,NA,0,10,100,1,91.682
SubmitKernel,acpp,O2,sycl,NA,1,10,1,0,11.145
SubmitKernel,acpp,O2,sycl,NA,1,10,1,1,48.489
SubmitKernel,acpp,O2,sycl,NA,1,10,5,1,49.743
SubmitKernel,acpp,O2,sycl,NA,1,10,10,1,51.310
SubmitKernel,acpp,O2,sycl,NA,1,10,100,1,75.442
SubmitKernel,acpp,O2,sycl,NA,0,20,1,0,20.446
SubmitKernel,acpp,O2,sycl,NA,0,20,1,1,109.395
SubmitKernel,acpp,O2,sycl,NA,0,20,5,1,110.186
SubmitKernel,acpp,O2,sycl,NA,0,20,10,1,112.406
SubmitKernel,acpp,O2,sycl,NA,0,20,100,1,149.058
SubmitKernel,acpp,O2,sycl,NA,1,20,1,0,21.423
SubmitKernel,acpp,O2,sycl,NA,1,20,1,1,89.830
SubmitKernel,acpp,O2,sycl,NA,1,20,5,1,89.386
SubmitKernel,acpp,O2,sycl,NA,1,20,10,1,91.184
SubmitKernel,acpp,O2,sycl,NA,1,20,100,1,118.365
SubmitKernel,acpp,O2,sycl,NA,0,50,1,0,48.720
SubmitKernel,acpp,O2,sycl,NA,0,50,1,1,280.952
SubmitKernel,acpp,O2,sycl,NA,0,50,5,1,280.261
SubmitKernel,acpp,O2,sycl,NA,0,50,10,1,284.631
SubmitKernel,acpp,O2,sycl,NA,0,50,100,1,318.528
SubmitKernel,acpp,O2,sycl,NA,1,50,1,0,52.455
SubmitKernel,acpp,O2,sycl,NA,1,50,1,1,232.050
SubmitKernel,acpp,O2,sycl,NA,1,50,5,1,230.535
SubmitKernel,acpp,O2,sycl,NA,1,50,10,1,232.320
SubmitKernel,acpp,O2,sycl,NA,1,50,100,1,260.424
SubmitKernel,acpp,O2,sycl,NA,0,100,1,0,82.801
SubmitKernel,acpp,O2,sycl,NA,0,100,1,1,583.276
SubmitKernel,acpp,O2,sycl,NA,0,100,5,1,570.871
SubmitKernel,acpp,O2,sycl,NA,0,100,10,1,583.409
SubmitKernel,acpp,O2,sycl,NA,0,100,100,1,602.456
SubmitKernel,acpp,O2,sycl,NA,1,100,1,0,102.518
SubmitKernel,acpp,O2,sycl,NA,1,100,1,1,478.303
SubmitKernel,acpp,O2,sycl,NA,1,100,5,1,475.681
SubmitKernel,acpp,O2,sycl,NA,1,100,10,1,478.956
SubmitKernel,acpp,O2,sycl,NA,1,100,100,1,509.189
SubmitKernel,acpp,O0,sycl,NA,0,1,1,0,3.226
SubmitKernel,acpp,O0,sycl,NA,0,1,1,1,15.578
SubmitKernel,acpp,O0,sycl,NA,0,1,5,1,15.608
SubmitKernel,acpp,O0,sycl,NA,0,1,10,1,17.129
SubmitKernel,acpp,O0,sycl,NA,0,1,100,1,48.707
SubmitKernel,acpp,O0,sycl,NA,1,1,1,0,3.675
SubmitKernel,acpp,O0,sycl,NA,1,1,1,1,15.625
SubmitKernel,acpp,O0,sycl,NA,1,1,5,1,15.620
SubmitKernel,acpp,O0,sycl,NA,1,1,10,1,17.098
SubmitKernel,acpp,O0,sycl,NA,1,1,100,1,45.579
SubmitKernel,acpp,O0,sycl,NA,0,10,1,0,31.957
SubmitKernel,acpp,O0,sycl,NA,0,10,1,1,60.495
SubmitKernel,acpp,O0,sycl,NA,0,10,5,1,59.809
SubmitKernel,acpp,O0,sycl,NA,0,10,10,1,61.380
SubmitKernel,acpp,O0,sycl,NA,0,10,100,1,91.563
SubmitKernel,acpp,O0,sycl,NA,1,10,1,0,32.733
SubmitKernel,acpp,O0,sycl,NA,1,10,1,1,54.624
SubmitKernel,acpp,O0,sycl,NA,1,10,5,1,53.779
SubmitKernel,acpp,O0,sycl,NA,1,10,10,1,54.991
SubmitKernel,acpp,O0,sycl,NA,1,10,100,1,80.891
SubmitKernel,acpp,O0,sycl,NA,0,20,1,0,60.968
SubmitKernel,acpp,O0,sycl,NA,0,20,1,1,102.155
SubmitKernel,acpp,O0,sycl,NA,0,20,5,1,101.461
SubmitKernel,acpp,O0,sycl,NA,0,20,10,1,101.835
SubmitKernel,acpp,O0,sycl,NA,0,20,100,1,141.099
SubmitKernel,acpp,O0,sycl,NA,1,20,1,0,64.581
SubmitKernel,acpp,O0,sycl,NA,1,20,1,1,93.488
SubmitKernel,acpp,O0,sycl,NA,1,20,5,1,93.731
SubmitKernel,acpp,O0,sycl,NA,1,20,10,1,95.438
SubmitKernel,acpp,O0,sycl,NA,1,20,100,1,130.697
SubmitKernel,acpp,O0,sycl,NA,0,50,1,0,150.139
SubmitKernel,acpp,O0,sycl,NA,0,50,1,1,247.135
SubmitKernel,acpp,O0,sycl,NA,0,50,5,1,246.934
SubmitKernel,acpp,O0,sycl,NA,0,50,10,1,250.527
SubmitKernel,acpp,O0,sycl,NA,0,50,100,1,291.828
SubmitKernel,acpp,O0,sycl,NA,1,50,1,0,155.856
SubmitKernel,acpp,O0,sycl,NA,1,50,1,1,230.714
SubmitKernel,acpp,O0,sycl,NA,1,50,5,1,229.710
SubmitKernel,acpp,O0,sycl,NA,1,50,10,1,228.072
SubmitKernel,acpp,O0,sycl,NA,1,50,100,1,264.322
SubmitKernel,acpp,O0,sycl,NA,0,100,1,0,292.983
SubmitKernel,acpp,O0,sycl,NA,0,100,1,1,503.895
SubmitKernel,acpp,O0,sycl,NA,0,100,5,1,514.236
SubmitKernel,acpp,O0,sycl,NA,0,100,10,1,516.695
SubmitKernel,acpp,O0,sycl,NA,0,100,100,1,525.947
SubmitKernel,acpp,O0,sycl,NA,1,100,1,0,315.550
SubmitKernel,acpp,O0,sycl,NA,1,100,1,1,496.050
SubmitKernel,acpp,O0,sycl,NA,1,100,5,1,496.856
SubmitKernel,acpp,O0,sycl,NA,1,100,10,1,492.311
SubmitKernel,acpp,O0,sycl,NA,1,100,100,1,514.264
SubmitKernel,acpp,pvc,l0,NA,0,1,1,0,1.860
SubmitKernel,acpp,pvc,l0,NA,0,1,1,1,5.388
SubmitKernel,acpp,pvc,l0,NA,0,1,5,1,7.050
SubmitKernel,acpp,pvc,l0,NA,0,1,10,1,8.413
SubmitKernel,acpp,pvc,l0,NA,0,1,100,1,36.662
SubmitKernel,acpp,pvc,l0,NA,1,1,1,0,1.941
SubmitKernel,acpp,pvc,l0,NA,1,1,1,1,4.928
SubmitKernel,acpp,pvc,l0,NA,1,1,5,1,6.254
SubmitKernel,acpp,pvc,l0,NA,1,1,10,1,7.778
SubmitKernel,acpp,pvc,l0,NA,1,1,100,1,39.636
SubmitKernel,acpp,pvc,l0,NA,0,10,1,0,18.605
SubmitKernel,acpp,pvc,l0,NA,0,10,1,1,21.971
SubmitKernel,acpp,pvc,l0,NA,0,10,5,1,23.813
SubmitKernel,acpp,pvc,l0,NA,0,10,10,1,25.187
SubmitKernel,acpp,pvc,l0,NA,0,10,100,1,59.182
SubmitKernel,acpp,pvc,l0,NA,1,10,1,0,18.406
SubmitKernel,acpp,pvc,l0,NA,1,10,1,1,21.471
SubmitKernel,acpp,pvc,l0,NA,1,10,5,1,36.176
SubmitKernel,acpp,pvc,l0,NA,1,10,10,1,50.493
SubmitKernel,acpp,pvc,l0,NA,1,10,100,1,359.395
SubmitKernel,acpp,pvc,l0,NA,0,20,1,0,36.457
SubmitKernel,acpp,pvc,l0,NA,0,20,1,1,40.629
SubmitKernel,acpp,pvc,l0,NA,0,20,5,1,42.228
SubmitKernel,acpp,pvc,l0,NA,0,20,10,1,44.120
SubmitKernel,acpp,pvc,l0,NA,0,20,100,1,77.876
SubmitKernel,acpp,pvc,l0,NA,1,20,1,0,37.336
SubmitKernel,acpp,pvc,l0,NA,1,20,1,1,40.488
SubmitKernel,acpp,pvc,l0,NA,1,20,5,1,64.040
SubmitKernel,acpp,pvc,l0,NA,1,20,10,1,99.320
SubmitKernel,acpp,pvc,l0,NA,1,20,100,1,702.030
SubmitKernel,acpp,pvc,l0,NA,0,50,1,0,93.266
SubmitKernel,acpp,pvc,l0,NA,0,50,1,1,97.455
SubmitKernel,acpp,pvc,l0,NA,0,50,5,1,95.154
SubmitKernel,acpp,pvc,l0,NA,0,50,10,1,100.296
SubmitKernel,acpp,pvc,l0,NA,0,50,100,1,139.747
SubmitKernel,acpp,pvc,l0,NA,1,50,1,0,91.655
SubmitKernel,acpp,pvc,l0,NA,1,50,1,1,96.844
SubmitKernel,acpp,pvc,l0,NA,1,50,5,1,159.556
SubmitKernel,acpp,pvc,l0,NA,1,50,10,1,250.294
SubmitKernel,acpp,pvc,l0,NA,1,50,100,1,1745.039
SubmitKernel,acpp,pvc,l0,NA,0,100,1,0,186.408
SubmitKernel,acpp,pvc,l0,NA,0,100,1,1,181.983
SubmitKernel,acpp,pvc,l0,NA,0,100,5,1,188.697
SubmitKernel,acpp,pvc,l0,NA,0,100,10,1,188.367
SubmitKernel,acpp,pvc,l0,NA,0,100,100,1,247.067
SubmitKernel,acpp,pvc,l0,NA,1,100,1,0,188.078
SubmitKernel,acpp,pvc,l0,NA,1,100,1,1,184.393
SubmitKernel,acpp,pvc,l0,NA,1,100,5,1,330.599
SubmitKernel,acpp,pvc,l0,NA,1,100,10,1,472.409
SubmitKernel,acpp,pvc,l0,NA,1,100,100,1,3481.632
